1001,Harold Abram,2021-11-07T02:48:42Z,6.0,76.0
1002,Ty Adamowitz,2021-05-30T05:43:46Z,4.0,104.0
1003,Lyman Adcock,2021-09-01T23:27:38Z,7.0,16.0
1004,Lotti Adkin,2021-10-01T13:04:21Z,4.0,133.0
1005,Gretna Agnolo,2021-10-10T22:22:17Z,4.0,47.0
1006,Marlow Aizikov,2021-04-23T23:45:42Z,6.0,71.0
1007,Joan Akehurst,2021-10-10T01:33:31Z,6.0,62.0
1008,Ulrick Akess,2021-07-24T01:28:40Z,2.0,54.0
1009,Lucretia Alabaster,2021-04-01T21:22:47Z,8.0,88.0
1010,Arty Alexsandrev,2022-02-08T12:27:07Z,8.0,39.0
1011,Libbi Algar,2021-07-05T04:55:10Z,8.0,68.0
1012,Jacky Allchin,2021-06-20T11:59:41Z,8.0,34.0
1013,Raine Allcock,2021-12-23T08:23:34Z,5.0,70.0
1014,Melonie Allon,2021-12-30T23:08:59Z,4.0,69.0
1015,Robers Amesbury,2021-02-16T20:00:38Z,5.0,154.0
1016,Bone Anders,2021-06-21T09:11:06Z,7.0,125.0
1017,Andee Andri,2021-04-01T10:28:22Z,6.0,94.0
1018,Gay Andriesse,2021-12-24T13:40:11Z,5.0,115.0
1019,Loralie Andrzejczak,2021-10-19T20:10:46Z,6.0,143.0
1020,Tobi Angeau,2022-02-20T07:46:22Z,7.0,40.0
1021,Mandel Annwyl,2021-12-18T22:55:26Z,7.0,96.0
1022,Toddy Antalffy,2021-12-05T18:00:50Z,6.0,129.0
1023,Jeremias Antecki,2021-10-01T08:16:32Z,7.0,63.0
1024,Lemar Aplin,2021-07-13T15:39:49Z,3.0,20.0
1025,Tanner Arboin,2021-10-16T05:41:59Z,4.0,141.0
1026,Bartolomeo Arghent,2021-02-07T09:03:49Z,6.0,92.0
1027,Elvina Armor,2021-09-29T20:34:33Z,3.0,23.0
1028,Letitia Armstrong,2021-11-20T15:33:14Z,8.0,137.0
1029,Warner Aronsohn,2021-08-30T17:22:09Z,3.0,99.0
1030,Geri Ashpital,2022-02-16T21:08:33Z,5.0,49.0
1031,Jerald Assiter,2022-01-15T02:33:31Z,10.0,122.0
1032,Wilt Astbury,2021-09-26T21:51:10Z,9.0,114.0
1033,Aldwin Athow,2021-09-27T11:12:00Z,6.0,63.0
1034,Corena Attoc,2021-05-08T01:43:42Z,12.0,52.0
1035,Malchy Avann,2022-02-20T10:39:43Z,11.0,37.0
1036,Gasparo Aveling,2021-11-07T11:41:10Z,5.0,68.0
1037,Nikkie Axtell,2021-12-30T05:37:33Z,7.0,57.0
1038,Louisa Bachelor,2021-02-11T14:29:26Z,4.0,33.0
1039,Brook Backen,2021-09-27T12:50:01Z,5.0,58.0
1040,Cly Baldrick,2022-01-01T06:33:57Z,9.0,75.0
1041,Jena Balmer,2021-05-04T19:49:00Z,4.0,71.0
1042,Pail Balnaves,2021-09-14T03:08:04Z,11.0,123.0
1043,Agneta Baly,2021-09-29T12:36:18Z,9.0,50.0
1044,Lanae Bangham,2021-05-14T18:26:59Z,5.0,61.0
1045,Gipsy Banner,2021-12-17T11:47:44Z,5.0,73.0
1046,Philly Barhims,2021-03-03T14:48:53Z,8.0,141.0
1047,Jimmie Barkhouse,2021-02-04T07:50:18Z,5.0,44.0
1048,Lonee Baroc,2021-06-07T09:12:33Z,8.0,32.0
1049,,2021-05-08T23:05:13Z,6.0,91.0
1050,Marybelle Barribal,2021-06-17T10:02:48Z,5.0,79.0
1051,Moe Bartel,2022-02-03T08:06:34Z,12.0,40.0
1052,Trudie Bartens,2021-10-12T02:10:35Z,7.0,135.0
1053,Rebbecca Barzen,2021-11-14T21:00:10Z,2.0,69.0
1054,Bevin Baseley,2021-11-13T08:29:11Z,8.0,5.0
1055,Marielle Baselio,2022-02-02T00:11:54Z,10.0,94.0
1056,Orelie Bassett,2022-01-29T13:52:35Z,6.0,65.0
1057,Meggie Bastin,2022-01-25T18:58:12Z,3.0,124.0
1058,Elia Baton,2021-08-29T23:24:48Z,4.0,88.0
1059,Sharron Battlestone,2022-02-01T15:49:52Z,10.0,33.0
1060,Washington Bauld,2022-01-30T11:38:20Z,4.0,88.0
1061,Artemus Bazeley,2021-02-26T22:38:18Z,3.0,21.0
1062,Lou Bazely,2021-10-14T19:06:01Z,9.0,100.0
1063,Tanhya Bearman,2021-06-15T06:17:11Z,4.0,155.0
1064,Florella Beaulieu,2022-02-11T06:39:40Z,5.0,81.0
1065,Saundra Beecraft,2021-12-29T01:42:44Z,2.0,50.0
1066,Redford Behnecken,2021-04-13T22:51:46Z,4.0,65.0
1067,Thia Bellay,2021-03-10T19:27:10Z,2.0,65.0
1068,Perceval Bellerby,2021-03-16T20:21:07Z,7.0,58.0
1069,Sidoney Benam,2021-03-08T09:28:55Z,4.0,57.0
1070,Ted Benasik,2021-08-09T20:13:21Z,8.0,39.0
1071,Brandea Benjamin,2021-12-11T01:47:11Z,6.0,60.0
1072,Judy Bennedick,2021-10-22T18:48:13Z,6.0,57.0
1073,Matthus Benthall,2021-04-26T04:21:25Z,2.0,57.0
1074,Wilma Bere,2021-02-21T08:24:12Z,10.0,86.0
1075,Xylia Bernadot,2021-10-12T17:24:25Z,8.0,127.0
1076,Carver Bernardin,2022-01-28T17:32:21Z,10.0,35.0
1077,Fayette Bernardon,2021-07-29T08:29:27Z,6.0,73.0
1078,Christalle Bertome,2021-10-04T21:24:21Z,9.0,123.0
1079,Ashley Bertrand,2021-10-24T01:04:52Z,5.0,29.0
1080,Angelika Beslier,2022-02-12T23:11:53Z,10.0,69.0
1081,Caril Bethune,2022-01-22T05:56:43Z,7.0,48.0
1082,Lief Bettles,2021-05-25T00:35:53Z,1.0,44.0
1083,Barth Bettlestone,2021-09-22T21:50:08Z,5.0,44.0
1084,Ludvig Bewsey,2021-02-26T18:47:53Z,9.0,143.0
1085,Dev Beynke,2021-07-01T15:47:16Z,4.0,87.0
1086,Vinnie Bhar,2021-10-31T08:53:54Z,9.0,70.0
1087,Cirstoforo Biddell,2021-10-15T09:19:20Z,3.0,130.0
1088,Rosabelle Bidwell,2021-03-12T14:32:57Z,6.0,118.0
1089,Rodrique Biesterfeld,2021-12-01T13:30:50Z,3.0,81.0
1090,Germana Billin,2021-05-30T17:02:38Z,8.0,24.0
1091,Rolf Billingsly,2021-04-16T15:32:45Z,8.0,146.0
1092,Floria Bineham,,7.0,137.0
1093,Belinda Binion,2021-06-04T09:39:59Z,6.0,72.0
1094,Zachariah Binley,2021-10-01T16:14:13Z,9.0,16.0
1095,Lowell Blaber,,9.0,141.0
1096,Creight Blazejewski,2021-06-29T23:57:57Z,4.0,89.0
1097,Beltran Blees,2021-11-01T05:12:01Z,9.0,27.0
1098,Colman Bleesing,2021-10-12T17:55:32Z,,77.0
1099,Marlo Blezard,2021-05-18T00:45:21Z,4.0,76.0
1100,Karita Blindermann,2021-06-19T03:14:14Z,5.0,62.0
1101,Jenn Blundin,2021-09-19T04:46:12Z,8.0,73.0
1102,Ogden Bocken,2021-03-29T19:31:33Z,3.0,44.0
1103,Cathy Bohlens,2021-07-29T08:55:15Z,6.0,78.0
1104,Wenda Bonnar,2021-11-21T13:03:25Z,2.0,160.0
1105,Jewelle Boord,2021-08-13T11:18:32Z,5.0,163.0
1106,Jasper Boosey,2021-07-13T06:34:38Z,7.0,147.0
1107,Welby Bote,2021-09-04T16:39:58Z,7.0,55.0
1108,Marlie Bothen,2021-08-15T15:50:29Z,9.0,87.0
1109,Bethanne Bourke,2021-03-16T15:21:23Z,7.0,68.0
1110,Renee Bowe,2021-08-31T20:26:32Z,,112.0
1111,Zsazsa Brabyn,2021-08-01T03:27:48Z,10.0,47.0
1112,Brett Braden,2021-06-11T05:54:00Z,8.0,96.0
1113,Carlee Bragger,2021-10-02T19:35:28Z,8.0,61.0
1114,Grady Braim,2021-04-27T09:27:22Z,7.0,58.0
1115,Wilbert Branchet,2021-03-31T12:27:59Z,6.0,100.0
1116,Ardys Branford,2021-11-07T09:12:54Z,11.0,77.0
1117,Putnem Branno,2021-04-23T19:34:46Z,5.0,85.0
1118,Blondell Bransby,2021-04-30T04:32:07Z,6.0,106.0
1119,Lucky Brant,2021-11-24T18:37:55Z,5.0,133.0
1120,Brietta Brayshay,2021-05-24T04:35:22Z,7.0,55.0
1121,Cristy Brend,2021-07-30T11:31:36Z,7.0,38.0
1122,Gnni Brettle,2021-10-09T13:49:28Z,9.0,156.0
1123,Alisha Brettle,2022-01-30T20:44:35Z,5.0,74.0
1124,Merrill Bridgeman,2022-01-30T03:02:22Z,7.0,52.0
1125,Gerri Bridie,2021-02-05T01:06:53Z,5.0,149.0
1126,Olly Briffett,2021-09-01T18:16:34Z,7.0,124.0
1127,Corinne Brignall,2021-12-31T09:40:30Z,3.0,73.0
1128,Reuven Brisson,2022-02-09T19:08:59Z,7.0,87.0
1129,Stephana Britton,2021-02-15T00:32:18Z,3.0,65.0
1130,,2021-10-19T08:43:38Z,1.0,128.0
1131,Angie Brommage,2021-10-23T18:14:59Z,6.0,35.0
1132,Gypsy Brookbank,2021-06-13T17:21:57Z,9.0,49.0
1133,Jennine Brownbill,2022-01-24T14:45:57Z,10.0,86.0
1134,Lacee Brumble,2021-05-17T12:56:53Z,8.0,57.0
1135,Foster Brunt,2022-01-31T02:27:30Z,10.0,76.0
1136,Meryl Buard,2021-04-20T12:03:35Z,7.0,56.0
1137,Ichabod Buck,2021-09-07T09:32:33Z,9.0,90.0
1138,Conrad Bukowski,2022-01-23T01:07:44Z,4.0,113.0
1139,Celina Bundock,2021-03-23T09:04:56Z,7.0,45.0
1140,Putnam Bunton,2021-02-01T12:28:13Z,3.0,77.0
1141,Marylin Burgot,2021-04-24T15:32:05Z,10.0,116.0
1142,Reginald Burless,2021-03-19T23:47:07Z,10.0,105.0
1143,Elston Burnyate,2021-04-28T17:36:53Z,4.0,113.0
1144,Angel Burrell,2022-01-29T22:53:00Z,5.0,113.0
1145,Gretel Buse,2021-11-22T11:13:05Z,6.0,142.0
1146,Deirdre Butt,2021-08-25T02:07:11Z,4.0,47.0
1147,Gaston Buyers,2021-09-29T15:22:40Z,8.0,114.0
1148,Rourke Bycraft,2021-12-25T03:09:37Z,11.0,97.0
1149,Katlin Cabrera,2021-10-28T19:12:05Z,6.0,83.0
1150,Valentia Callf,2021-11-13T13:30:30Z,5.0,79.0
1151,Jarrett Camelli,2021-02-11T21:25:17Z,3.0,89.0
1152,Kori Carcas,2021-04-10T14:02:38Z,7.0,67.0
1153,Truman Carde,2021-09-08T13:11:26Z,9.0,60.0
1154,Lurette Caris,2021-09-16T19:02:39Z,2.0,77.0
1155,Jewel Cariss,2021-09-18T14:37:49Z,8.0,22.0
1156,Mikel Cariss,2021-05-08T14:39:59Z,1.0,98.0
1157,Kellia Carmo,2021-11-08T20:44:30Z,6.0,136.0
1158,Rube Carnie,2021-07-25T12:54:20Z,7.0,52.0
1159,Gayleen Carnihan,2021-11-18T11:53:15Z,3.0,58.0
1160,Sher Casale,2022-01-02T10:43:20Z,10.0,106.0
1161,Nobe Casper,2021-09-16T06:31:59Z,5.0,83.0
1162,Raff Castleman,2021-04-22T14:31:39Z,8.0,72.0
1163,Nerta Castro,2021-06-23T22:38:42Z,6.0,1.0
1164,Geraldine Catlette,2022-02-14T06:05:35Z,3.0,75.0
1165,Charleen Catterill,2021-11-10T00:57:25Z,11.0,61.0
1166,Hollis Caulwell,2021-08-17T13:58:25Z,5.0,39.0
1167,Alexis Cawthery,2021-03-18T00:15:36Z,3.0,25.0
1168,Toinette Cescon,2021-04-17T07:54:48Z,7.0,70.0
1169,Dannye Chaimson,2021-06-23T21:25:21Z,4.0,90.0
1170,,2021-03-15T10:47:48Z,7.0,130.0
1171,Charis Chanders,2021-06-23T20:53:31Z,12.0,83.0
1172,Roselle Chatto,2021-03-19T02:20:30Z,9.0,81.0
1173,Myra Checcucci,2021-02-16T15:44:56Z,9.0,71.0
1174,Anetta Chesson,2021-10-23T09:14:19Z,10.0,24.0
1175,Billy Chifney,2021-02-13T21:13:22Z,8.0,20.0
1176,Barbie Chittenden,2021-12-26T12:44:34Z,5.0,100.0
1177,Ardella Cholwell,2021-08-25T11:50:02Z,7.0,26.0
1178,Petronilla Chowne,2021-07-17T13:36:02Z,12.0,107.0
1179,Wolfy Churching,2021-02-11T23:08:12Z,10.0,89.0
1180,Siobhan Ciobutaru,2021-03-26T19:07:15Z,7.0,55.0
1181,Joeann Civitillo,2022-02-16T01:58:18Z,6.0,182.0
1182,Renell Clapperton,2021-11-21T12:05:45Z,4.0,48.0
1183,Peyton Clash,2021-05-16T20:39:06Z,4.0,59.0
1184,Alanson Cleve,2021-12-11T21:21:26Z,7.0,153.0
1185,Ryley Clewett,2022-02-04T13:21:15Z,2.0,116.0
1186,Claudelle Cloy,2021-03-10T19:24:19Z,2.0,74.0
1187,Janna Cluely,2021-05-09T23:57:00Z,6.0,168.0
1188,Regen Cluer,2021-05-03T12:35:40Z,3.0,157.0
1189,Donny Clyburn,2021-07-28T02:43:27Z,4.0,51.0
1190,Amalia Cockell,2021-03-05T01:38:06Z,3.0,81.0
1191,Caldwell Cocks,2021-08-16T12:41:01Z,4.0,70.0
1192,Olia Codlin,2021-07-14T22:42:33Z,7.0,57.0
1193,Sarita Cogswell,2021-07-31T14:14:42Z,5.0,58.0
1194,Lonny Collip,2021-04-19T15:31:46Z,4.0,113.0
1195,,2021-08-13T09:22:18Z,10.0,54.0
1196,Harriot Collumbine,2021-03-28T14:14:16Z,6.0,119.0
1197,Mellie Comber,2021-11-04T19:52:29Z,6.0,124.0
1198,Carline Comberbach,2021-05-29T00:23:02Z,4.0,60.0
1199,Fields Conman,2021-04-16T09:51:56Z,6.0,5.0
1200,Erick Conry,2021-06-21T04:58:15Z,3.0,136.0
1201,Brien Constantine,2022-01-08T16:31:01Z,1.0,115.0
1202,Irving Coogan,2021-09-14T13:36:33Z,8.0,65.0
1203,Kienan Corington,2021-10-23T20:14:55Z,4.0,77.0
1204,Dana Costanza,2021-06-05T12:30:23Z,5.0,61.0
1205,Phillis Cottingham,2022-01-09T07:06:46Z,12.0,100.0
1206,Osbourne Coughan,2021-10-28T21:39:48Z,10.0,60.0
1207,Ahmad Coule,2021-05-03T04:57:25Z,8.0,88.0
1208,Rasia Coulston,2022-01-13T03:39:23Z,3.0,62.0
1209,Tova Coulthard,2021-08-18T00:22:54Z,5.0,78.0
1210,Babita Cowderay,2021-04-23T23:35:06Z,9.0,19.0
1211,Berny Cowland,2021-08-14T23:50:27Z,3.0,115.0
1212,Alan Cramphorn,2021-03-22T23:08:28Z,4.0,109.0
1213,Brody Cranna,2021-09-21T22:27:13Z,3.0,48.0
1214,Hermann Creane,2021-06-06T15:24:32Z,5.0,32.0
1215,Ewart Cremen,2021-07-06T08:31:04Z,5.0,71.0
1216,Theobald Cresser,2022-01-26T14:56:48Z,3.0,116.0
1217,Marleen Cristofolini,2021-07-17T02:47:30Z,7.0,142.0
1218,Stephie Crocumbe,2021-11-12T03:24:03Z,6.0,42.0
1219,Malorie Crowthe,2021-09-05T10:03:56Z,4.0,36.0
1220,Aile Crumly,2021-09-26T01:50:27Z,5.0,73.0
1221,Valentia Cudiff,2021-11-04T05:01:46Z,6.0,50.0
1222,Blakelee Cullingworth,2021-05-21T10:52:28Z,2.0,40.0
1223,Malvina Cullnean,2021-03-03T05:07:46Z,6.0,48.0
1224,Hirsch Culpin,2021-02-13T08:05:59Z,8.0,28.0
1225,Barnabas Cumberbatch,2021-05-28T22:29:20Z,9.0,96.0
1226,Hedy Cuningham,2021-07-19T07:29:36Z,5.0,43.0
1227,Jeramey Cunnow,2021-04-03T20:14:34Z,8.0,67.0
1228,Jobi Curner,2021-04-07T07:19:06Z,4.0,38.0
1229,Luke Cutill,2021-09-07T18:22:38Z,7.0,132.0
1230,Arley Cutmare,2022-02-10T20:46:33Z,8.0,45.0
1231,Daisie Cutteridge,2021-10-24T07:07:44Z,9.0,126.0
1232,Zach Cuttin,2021-07-26T16:45:07Z,12.0,81.0
1233,Tony D'Ambrosio,2021-02-15T19:56:57Z,12.0,89.0
1234,Allys D'Enrico,2021-03-18T21:54:34Z,2.0,147.0
1235,Renae Daber,2021-02-13T18:41:07Z,3.0,143.0
1236,Bald Dake,2021-08-04T06:14:18Z,10.0,94.0
1237,Lynda Dallin,2021-10-19T11:39:00Z,6.0,76.0
1238,Odilia Danat,2022-01-28T13:42:03Z,1.0,69.0
1239,Lucretia Daniels,2021-02-06T11:44:17Z,2.0,71.0
1240,Shandy Danjoie,2021-08-03T02:54:07Z,1.0,38.0
1241,Benedetto Darwood,2021-09-30T01:01:01Z,9.0,55.0
1242,Francesca Davidman,2021-03-17T06:37:56Z,4.0,30.0
1243,Juliet Daymont,2021-05-19T07:44:26Z,7.0,69.0
1244,Elspeth De Clairmont,2021-11-19T16:41:34Z,7.0,86.0
1245,Lemuel De Gregoli,2022-01-07T16:23:36Z,8.0,21.0
1246,Neddy De la Yglesia,2021-06-29T18:44:50Z,7.0,50.0
1247,Lyle De Lascy,2021-09-25T23:27:53Z,4.0,43.0
1248,Hanni De Michele,2021-04-08T19:47:24Z,4.0,68.0
1249,Katherina De Morena,2021-11-13T10:19:05Z,7.0,30.0
1250,Ruben Dehn,2021-05-07T15:58:27Z,9.0,91.0
1251,Livia Delacour,2021-09-30T10:58:09Z,5.0,70.0
1252,Merrily Di Biaggi,,7.0,19.0
1253,Ignacio Di Francesco,2021-12-23T22:56:15Z,5.0,72.0
1254,Auberta Dicken,2021-11-10T02:40:56Z,3.0,79.0
1255,Doro Dickey,2021-04-20T08:43:40Z,10.0,61.0
1256,Jobyna Diem,2021-06-17T17:53:43Z,8.0,123.0
1257,Bernie Dilrew,2021-06-26T06:36:44Z,8.0,33.0
1258,Christabella Dimitriev,2021-12-27T03:41:35Z,4.0,139.0
1259,Lamont Dimmer,2021-07-20T01:47:11Z,2.0,78.0
1260,Gweneth Dionsetti,2022-01-27T23:22:52Z,10.0,52.0
1261,Barny Dionsetto,2021-07-22T21:10:35Z,11.0,32.0
1262,Anthe Divina,2022-01-03T15:24:31Z,2.0,151.0
1263,Eldredge Dockerty,2021-06-25T00:23:17Z,8.0,54.0
1264,Gui Dodd,2021-06-06T09:21:20Z,4.0,102.0
1265,Verile Doghartie,2021-10-11T10:53:38Z,4.0,145.0
1266,Michale Domleo,2021-12-12T09:09:25Z,10.0,44.0
1267,Curran Donneely,2021-02-23T08:39:44Z,2.0,76.0
1268,Arin Donson,2021-11-03T22:53:42Z,8.0,54.0
1269,Garvey Doohan,2021-09-27T16:01:02Z,5.0,159.0
1270,Shellie Dootson,2021-12-01T03:30:27Z,11.0,35.0
1271,Jasmin Dorie,2021-11-16T06:25:45Z,8.0,41.0
1272,Ashly Dotterill,2021-09-09T17:05:03Z,5.0,100.0
1273,Lorry Dowdell,2021-02-05T02:01:57Z,8.0,53.0
1274,Lenee Dowtry,2021-08-13T13:17:25Z,6.0,91.0
1275,Trevor Dracey,2021-07-12T04:33:16Z,7.0,60.0
1276,Amandi Drakers,2022-02-09T22:55:47Z,2.0,102.0
1277,Abagael Draude,2021-08-17T02:23:18Z,8.0,42.0
1278,Ddene Drugan,2021-08-16T02:41:54Z,2.0,65.0
1279,Phaidra Dubbin,2021-10-25T12:19:32Z,,38.0
1280,Zoe Ducker,2022-01-21T16:05:53Z,4.0,42.0
1281,Ellerey Dudenie,2021-05-27T20:40:59Z,7.0,135.0
1282,Maudie Dudhill,2021-04-09T20:31:22Z,3.0,84.0
1283,Betti Duggan,2021-09-28T17:47:54Z,3.0,85.0
1284,Sile Duigan,2021-10-25T03:10:45Z,10.0,57.0
1285,Ardeen Dulwitch,2021-05-13T10:34:48Z,4.0,49.0
1286,Frances Dulwitch,2022-01-31T11:35:28Z,7.0,105.0
1287,Dniren Dundin,2022-01-22T22:03:49Z,7.0,99.0
1288,Katerine Dungay,2022-02-09T05:26:37Z,5.0,159.0
1289,Hetti Dungay,2021-06-20T01:05:56Z,7.0,78.0
1290,Cassandre Dunne,2021-10-15T10:36:55Z,11.0,89.0
1291,Chuck Dunniom,2021-06-07T04:46:33Z,3.0,31.0
1292,Brice Duplain,2021-04-08T01:49:32Z,9.0,71.0
1293,Arvie Dyhouse,2021-06-08T21:59:00Z,7.0,49.0
1294,Claretta Dymond,2021-11-01T22:58:21Z,11.0,79.0
1295,Marylou Dytham,2021-11-21T03:14:06Z,5.0,72.0
1296,Alfred Eadmeades,2021-05-11T10:12:02Z,7.0,20.0
1297,Jarvis Ealden,2021-10-03T22:12:05Z,6.0,91.0
1298,Chrysler Eardley,2021-11-02T11:26:37Z,3.0,103.0
1299,Jerrilee Eastop,2022-01-06T11:26:31Z,9.0,65.0
1300,Saidee Eate,2021-05-25T18:08:38Z,7.0,47.0
1301,Anders Edmeades,2021-10-20T07:04:25Z,4.0,38.0
1302,Arlene Edmonston,2021-10-15T20:42:15Z,8.0,41.0
1303,Hillary Egan,2021-09-18T03:12:35Z,10.0,120.0
1304,Tildie Elby,2021-09-29T14:02:27Z,8.0,
1305,Waneta Elfitt,2021-10-17T00:35:10Z,9.0,104.0
1306,Norby Elington,2021-04-11T21:16:34Z,8.0,58.0
1307,Danell Ellam,2021-02-10T17:49:24Z,7.0,103.0
1308,Rodrigo Elphinstone,2021-06-09T03:07:49Z,4.0,72.0
1309,Aleen Emps,2021-03-18T13:39:20Z,2.0,67.0
1310,Revkah Erdis,2022-01-14T02:57:43Z,9.0,169.0
1311,Ursulina Erie,2021-12-10T03:22:45Z,4.0,35.0
1312,Valma Erwin,2021-03-13T03:20:40Z,8.0,128.0
1313,Roberta Etches,2021-12-17T19:55:17Z,4.0,89.0
1314,Luciano Etherson,2021-08-17T07:04:16Z,10.0,25.0
1315,Beverie Ettels,2022-02-12T00:42:13Z,7.0,62.0
1316,Tades Facey,2021-11-27T22:47:12Z,3.0,81.0
1317,Cammy Fader,2021-03-03T01:53:49Z,5.0,136.0
1318,Mimi Fake,2021-03-12T15:25:05Z,11.0,58.0
1319,Wilt Fakeley,2021-03-02T10:23:45Z,8.0,40.0
1320,Artemas Farbrace,2021-08-29T21:05:17Z,4.0,130.0
1321,Darleen Farndell,2021-03-10T23:33:27Z,5.0,84.0
1322,,2021-03-26T23:44:34Z,5.0,47.0
1323,Erv Fazan,,8.0,34.0
1324,Janna Fearnehough,2021-08-18T18:53:09Z,1.0,37.0
1325,Abe Featherby,2021-03-16T08:32:34Z,9.0,82.0
1326,Carlota Feavers,2021-06-25T09:36:48Z,9.0,81.0
1327,Kevina Feechum,2022-01-26T21:24:00Z,6.0,23.0
1328,Grace Felderer,2021-05-02T04:55:20Z,4.0,64.0
1329,Gale Fendt,2021-09-21T23:24:14Z,3.0,19.0
1330,Timotheus Ferdinand,2022-02-16T16:04:14Z,2.0,52.0
1331,Darleen Fereday,2021-03-01T17:01:05Z,9.0,27.0
1332,Nancey Ferrettini,2021-11-24T16:57:25Z,3.0,69.0
1333,Margot Ferroli,2022-02-07T20:42:17Z,3.0,98.0
1334,Tina Fetherstone,2021-09-03T01:13:49Z,4.0,111.0
1335,Arline Fiddler,2021-08-18T09:04:01Z,9.0,22.0
1336,Morissa Fifoot,2021-04-14T04:04:56Z,6.0,94.0
1337,Rosemarie Fleay,2021-11-07T08:25:36Z,6.0,25.0
1338,Ravid Flemmich,2021-10-18T05:23:29Z,9.0,101.0
1339,Penelopa Flewett,2021-10-25T07:38:11Z,8.0,122.0
1340,Thom Flips,2022-01-13T21:09:49Z,5.0,39.0
1341,Bordy Flynn,2021-05-27T03:29:36Z,5.0,42.0
1342,Nathanil Foker,2022-02-11T16:30:12Z,7.0,66.0
1343,Celestina Folca,2022-01-28T10:57:28Z,4.0,118.0
1344,Christen Folkerts,2021-10-11T13:02:28Z,8.0,86.0
1345,Corenda Folomin,2021-03-06T14:32:27Z,7.0,111.0
1346,Iris Ford,2021-06-19T14:35:51Z,3.0,54.0
1347,Sumner Forgie,2022-01-22T09:29:43Z,8.0,49.0
1348,Benny Forsey,2021-04-05T09:33:59Z,3.0,60.0
1349,Winona Forst,2021-04-28T23:14:25Z,5.0,32.0
1350,Gilda Fowlestone,2021-07-13T23:34:40Z,10.0,9.0
1351,Weston Foxton,2021-10-29T06:10:25Z,3.0,60.0
1352,Eunice Francillo,2022-01-14T13:27:30Z,8.0,26.0
1353,Raul Franke,2021-10-05T11:28:11Z,4.0,40.0
1354,Cobby Frankiss,2021-10-03T06:03:40Z,6.0,26.0
1355,Carina Franzini,2021-08-02T02:46:45Z,5.0,80.0
1356,Johnnie Frary,2021-07-06T19:13:15Z,4.0,59.0
1357,Jocelyne Frary,2021-10-14T06:00:13Z,5.0,57.0
1358,Kaycee Frazier,2021-05-20T08:08:48Z,7.0,58.0
1359,Justine Freeborn,2021-04-01T15:30:36Z,2.0,112.0
1360,Killy Friary,2021-04-26T17:23:42Z,4.0,63.0
1361,Ike Friman,2021-06-08T15:10:58Z,3.0,61.0
1362,Melodee Froude,2021-09-28T18:37:19Z,7.0,134.0
1363,Cassi Frudd,2021-10-28T21:33:54Z,2.0,58.0
1364,Ora Fryman,2021-07-07T13:26:49Z,1.0,17.0
1365,Fredelia Fucher,2021-10-22T13:11:20Z,8.0,72.0
1366,Renee Fuggle,2021-12-30T01:29:43Z,6.0,144.0
1367,Ellary Fulmen,2021-09-04T02:00:37Z,6.0,114.0
1368,Rustie Fumagallo,2021-08-03T22:04:17Z,10.0,54.0
1369,Jennifer Furlow,2021-09-08T17:25:22Z,9.0,168.0
1370,Luciana Gages,2022-01-17T10:52:25Z,4.0,61.0
1371,King Gallelli,2022-01-20T02:23:10Z,6.0,48.0
1372,Gabriele Galpen,2022-01-02T14:58:58Z,4.0,139.0
1373,Leisha Gamlen,2021-10-15T07:27:54Z,10.0,70.0
1374,Far Gannicott,2021-08-28T05:42:26Z,4.0,102.0
1375,Tracey Gare,2021-07-23T20:51:44Z,7.0,155.0
1376,Gwenore Garm,2021-05-05T21:46:04Z,7.0,66.0
1377,Guendolen Garoghan,2021-05-11T10:27:43Z,6.0,58.0
1378,Toni Garriock,2021-04-29T13:28:25Z,5.0,29.0
1379,Ruth Gatch,2021-11-16T08:24:18Z,6.0,26.0
1380,Grantley Gauvin,2021-11-12T10:44:41Z,4.0,107.0
1381,Stormi Gawthrop,2021-03-30T18:21:20Z,7.0,112.0
1382,Bowie Geaveny,2021-10-09T07:33:53Z,8.0,61.0
1383,Emmott Geraldez,2021-03-05T20:54:52Z,9.0,59.0
1384,Milicent Giacobo,2021-12-05T16:16:42Z,6.0,122.0
1385,Francine Gilbane,2021-02-13T04:55:49Z,8.0,39.0
1386,Hattie Gilder,2021-10-11T09:49:28Z,3.0,55.0
1387,Dex Gilham,2021-03-15T16:40:34Z,9.0,47.0
1388,Bo Gillmore,2021-05-05T12:25:44Z,8.0,79.0
1389,Emmalynne Ginley,2021-11-07T10:31:09Z,8.0,105.0
1390,Harp Giovanitti,2021-04-20T06:26:16Z,3.0,76.0
1391,Rania Giovanizio,2021-11-29T22:31:08Z,6.0,57.0
1392,Cris Gladdis,2021-04-08T11:54:11Z,1.0,55.0
1393,Bogey Gladtbach,2022-01-05T17:29:34Z,4.0,44.0
1394,Latrena Glasscock,2021-07-03T23:56:41Z,8.0,62.0
1395,Saidee Glew,2021-07-15T10:51:30Z,4.0,70.0
1396,Melisandra Gligoraci,2021-09-28T09:56:07Z,5.0,69.0
1397,Lefty Glusby,2021-09-29T16:34:41Z,5.0,80.0
1398,Kaitlin Goodge,2021-04-21T09:15:22Z,2.0,60.0
1399,Brose Goodwins,2021-10-15T00:32:44Z,7.0,73.0
1400,Babita Gore,2021-04-14T03:05:16Z,7.0,45.0
1401,Kori Gorman,2021-07-26T12:54:13Z,6.0,87.0
1402,Hasty Gottelier,2021-04-03T07:11:50Z,10.0,92.0
1403,Fergus Goudy,2021-08-06T04:46:14Z,12.0,56.0
1404,Chet Goves,2021-12-30T10:03:59Z,1.0,38.0
1405,Reyna Gowrie,2021-03-16T23:50:52Z,8.0,99.0
1406,Isador Greatham,2021-11-25T11:53:35Z,6.0,78.0
1407,Doris Greenman,2021-10-11T22:27:53Z,5.0,65.0
1408,Bonnibelle Greenway,2021-06-13T09:09:27Z,2.0,178.0
1409,Annabela Greeve,2021-06-27T14:27:18Z,4.0,80.0
1410,Vally Greste,2021-03-21T18:25:49Z,8.0,83.0
1411,Dominic Gridon,2021-02-21T23:15:04Z,7.0,58.0
1412,Anna Griffey,2021-10-10T01:28:17Z,8.0,49.0
1413,Berna Grigorkin,2021-08-02T13:21:07Z,,103.0
1414,Anderea Grisard,2021-09-24T20:26:16Z,4.0,78.0
1415,Kari Grishechkin,2021-09-02T02:27:38Z,2.0,44.0
1416,Jacquette Grumell,2021-02-05T01:17:13Z,4.0,77.0
1417,Jeannette Grundey,2021-12-25T02:47:28Z,8.0,69.0
1418,Gilberta Gudgin,2022-02-12T09:56:21Z,7.0,37.0
1419,Hayward Gunton,2021-11-27T00:10:20Z,4.0,59.0
1420,Devon Habberjam,2021-10-19T18:48:33Z,1.0,31.0
1421,Merna Haddock,2021-02-13T09:52:15Z,7.0,75.0
1422,Monika Hadkins,2021-11-20T10:29:25Z,4.0,69.0
1423,Rozelle Hadleigh,2021-08-08T01:23:27Z,,108.0
1424,Jeana Hadlow,2021-07-31T00:51:12Z,8.0,78.0
1425,Brenn Hadye,2021-03-05T08:31:17Z,1.0,7.0
1426,Trumaine Halburton,2021-03-12T13:18:26Z,1.0,64.0
1427,Tara Halfhead,2021-06-23T22:34:51Z,2.0,56.0
1428,Kristofor Hallewell,2021-05-12T20:37:50Z,1.0,47.0
1429,Ashbey Halliburton,2021-03-29T08:49:43Z,6.0,20.0
1430,Zed Hallowes,2021-08-31T05:39:43Z,8.0,159.0
1431,Vyky Hammerberger,2021-09-16T07:21:28Z,5.0,60.0
1432,Jerrine Hammerson,2022-01-20T22:47:27Z,,98.0
1433,Aarika Hantusch,2021-11-04T23:49:53Z,4.0,91.0
1434,Bernadina Hanwell,2021-09-11T00:27:03Z,9.0,5.0
1435,Eleanora Haquin,2021-10-10T03:18:10Z,4.0,79.0
1436,Chanda Hastilow,2021-10-20T12:39:47Z,6.0,64.0
1437,Alwin Haugen,2021-08-28T21:30:46Z,3.0,59.0
1438,Nanine Haverson,2021-09-21T11:01:18Z,4.0,38.0
1439,Florie Haxby,2021-11-27T14:14:20Z,12.0,107.0
1440,Oren Hayball,2021-04-30T15:56:51Z,5.0,111.0
1441,Irwin Haylett,2021-09-08T15:10:49Z,6.0,60.0
1442,Hale Headings,2021-02-07T17:53:58Z,6.0,62.0
1443,Cherey Heazel,2022-01-18T23:00:54Z,4.0,50.0
1444,Jacenta Hegden,2021-09-21T15:57:18Z,8.0,74.0
1445,Gilles Heino,2021-09-09T23:54:01Z,12.0,119.0
1446,Risa Heinrici,2021-11-18T21:46:42Z,6.0,48.0
1447,Midge Held,2021-10-28T15:25:45Z,7.0,43.0
1448,Greg Hellmore,2021-04-01T04:19:05Z,5.0,42.0
1449,Emory Helmke,2021-03-16T06:56:02Z,7.0,44.0
1450,Loise Hembling,2021-08-30T21:22:26Z,8.0,55.0
1451,Avrit Hendonson,2021-02-24T02:15:31Z,11.0,31.0
1452,Truman Henniger,2021-02-09T16:22:58Z,8.0,66.0
1453,Liz Henrichsen,2022-02-10T03:35:50Z,5.0,64.0
1454,Gilda Heritege,2021-12-20T16:14:04Z,6.0,122.0
1455,Rodge Hernik,2022-01-30T00:17:44Z,4.0,31.0
1456,Rivi Hiley,2021-03-31T09:56:30Z,3.0,78.0
1457,Marcelline Hillaby,2021-11-20T06:31:58Z,9.0,73.0
1458,Norean Hobbing,2021-12-04T17:35:48Z,7.0,22.0
1459,Maisey Hobgen,2021-03-18T17:03:53Z,9.0,88.0
1460,Melva Hofer,2021-02-24T04:11:44Z,10.0,75.0
1461,Alfi Holberry,2021-10-31T02:58:11Z,8.0,54.0
1462,Correna Horsfield,2021-03-02T12:02:36Z,2.0,47.0
1463,Shell Houdhury,2022-01-04T17:20:18Z,,50.0
1464,Fanchette Hounsom,2021-08-26T12:16:02Z,8.0,81.0
1465,Hamnet Hubane,2022-01-24T07:09:01Z,7.0,78.0
1466,Chandler Huby,2021-10-09T22:10:46Z,5.0,74.0
1467,Sully Huc,,8.0,148.0
1468,Leela Hurd,2021-05-25T08:41:00Z,6.0,92.0
1469,Shelby Hurlin,2022-01-14T23:53:12Z,5.0,79.0
1470,Lianne Huxton,2021-02-08T00:15:19Z,5.0,74.0
1471,Ethelda Iacomi,2021-02-07T23:47:52Z,1.0,49.0
1472,Payton Iacopini,2021-11-05T03:06:42Z,6.0,53.0
1473,Berk Iacovelli,2021-04-22T07:55:22Z,3.0,24.0
1474,Calhoun Iacovolo,2021-03-06T03:02:20Z,7.0,
1475,Lebbie Ibanez,2021-10-25T18:25:28Z,10.0,37.0
1476,Friedrich Ilyas,2021-04-18T12:50:40Z,6.0,94.0
1477,Loella Ilyinykh,2021-02-08T09:30:15Z,6.0,147.0
1478,Tersina Inchbald,2021-11-03T20:59:18Z,10.0,47.0
1479,Doria Ingleson,2021-06-15T16:20:40Z,8.0,83.0
1480,Brena Ingrem,2021-05-29T11:44:01Z,7.0,59.0
1481,Eileen Ireland,2021-08-05T14:24:07Z,3.0,98.0
1482,Emmalynn Issatt,2021-12-08T16:54:02Z,4.0,75.0
1483,Paco Ivain,,5.0,41.0
1484,Arlene Jack,2021-12-19T14:53:27Z,5.0,42.0
1485,Hill Jagoe,2022-02-14T23:50:27Z,6.0,85.0
1486,Joanie Jahner,2021-05-02T09:50:24Z,7.0,139.0
1487,Fanechka Jakubczyk,2021-02-13T07:59:01Z,3.0,57.0
1488,Samantha James,2021-09-11T11:12:45Z,7.0,48.0
1489,Arabelle Jamson,2021-06-19T02:27:07Z,2.0,25.0
1490,Mathew Janczak,2021-05-02T20:01:12Z,4.0,63.0
1491,Liane Janicek,2021-08-17T22:56:06Z,6.0,108.0
1492,Lesya Janjusevic,2021-05-15T15:39:19Z,4.0,102.0
1493,,2021-03-20T10:48:47Z,10.0,153.0
1494,Fredericka Jarmain,2021-08-25T04:03:09Z,5.0,58.0
1495,Seth Jeffree,2021-03-31T19:15:51Z,6.0,29.0
1496,Carissa Jeffrey,2021-03-01T20:13:38Z,5.0,101.0
1497,Teddi Jeffrey,2021-10-11T14:30:13Z,11.0,81.0
1498,Teriann Jell,2022-01-10T08:28:43Z,4.0,61.0
1499,Holly Jellard,2021-09-29T00:53:42Z,6.0,118.0
1500,Audrye Jendrys,2021-04-08T02:27:08Z,4.0,57.0
1501,Adaline Jephcote,2021-09-16T03:17:23Z,4.0,5.0
1502,Myrtle Johanning,2021-04-20T03:33:22Z,8.0,50.0
1503,Anjanette Johansson,2021-10-28T11:48:58Z,6.0,85.0
1504,Avrit Jopling,2021-07-10T20:34:54Z,9.0,33.0
1505,Andi Josey,2021-04-20T22:42:20Z,6.0,51.0
1506,Joye Josse,2021-10-02T07:13:19Z,4.0,45.0
1507,Nonie Josuweit,2021-11-18T06:31:35Z,6.0,46.0
1508,Tommy Jouannisson,2021-04-26T12:30:00Z,11.0,92.0
1509,Tiphanie Joyce,2022-01-19T21:11:05Z,6.0,69.0
1510,Zelda Juara,2021-03-07T20:24:50Z,4.0,54.0
1511,Cecilia Julien,2021-07-31T06:10:51Z,3.0,49.0
1512,Malia Juszczak,2021-08-26T07:18:58Z,7.0,51.0
1513,Garald Kaes,2022-02-18T16:34:19Z,4.0,57.0
1514,Francis Kamenar,2021-10-19T09:21:42Z,8.0,25.0
1515,Stephenie Karolowski,2021-12-04T04:16:48Z,3.0,111.0
1516,Kerry Keatley,2021-10-08T02:32:38Z,8.0,137.0
1517,Falito Keepe,2021-06-10T21:42:06Z,2.0,78.0
1518,Cassandra Kellegher,2021-02-20T22:20:53Z,10.0,80.0
1519,Perkin Kelson,2021-04-29T05:20:41Z,2.0,62.0
1520,Kial Kemer,2021-12-22T01:59:59Z,8.0,79.0
1521,Paulita Kemet,2021-11-26T12:59:46Z,9.0,70.0
1522,Gina Kenan,2021-10-28T19:05:53Z,8.0,86.0
1523,Darelle Kenaway,2021-05-08T10:51:07Z,7.0,
1524,Jacenta Kender,2021-08-07T04:31:22Z,8.0,62.0
1525,Maiga Kenningley,2021-03-03T10:46:50Z,8.0,96.0
1526,Vivie Kensitt,2021-12-01T17:32:31Z,9.0,58.0
1527,Maxy Kerner,2021-02-23T14:16:05Z,7.0,61.0
1528,Doyle Kettlestringes,2021-03-20T08:53:56Z,11.0,17.0
1529,Deena Kew,2021-10-06T06:06:47Z,5.0,68.0
1530,Jacques Keynd,2022-01-17T03:31:09Z,6.0,41.0
1531,Daune Kid,2022-02-10T12:32:39Z,7.0,92.0
1532,Alfreda Kiddye,2021-07-20T16:08:08Z,1.0,56.0
1533,Tiertza Killingworth,2022-02-04T20:16:06Z,3.0,86.0
1534,Rex Kinghorne,2021-10-06T12:49:28Z,4.0,117.0
1535,Jorry Kinig,2021-07-07T12:56:22Z,3.0,96.0
1536,Mellicent Kinnard,2021-08-16T06:41:51Z,2.0,50.0
1537,Marya Kirman,2022-01-16T21:23:39Z,8.0,126.0
1538,Rafferty Kleinhaus,2021-09-27T21:27:53Z,2.0,108.0
1539,Grace Klimaszewski,2021-04-25T00:25:51Z,8.0,83.0
1540,Chrysler Kobera,2021-03-25T08:08:41Z,5.0,68.0
1541,Jennie Kopje,2022-01-18T17:10:17Z,5.0,46.0
1542,Dewie Koppel,2022-02-08T04:57:10Z,7.0,36.0
1543,Melodie Kordt,2021-07-11T16:41:31Z,3.0,133.0
1544,Curr Kropp,2021-04-25T22:43:01Z,9.0,139.0
1545,Allan Kruger,2022-01-24T08:26:50Z,5.0,52.0
1546,Zack Kubacek,2021-10-03T02:40:41Z,8.0,42.0
1547,Kirsteni Kubicki,2021-09-03T16:49:39Z,6.0,79.0
1548,Pegeen Lafrentz,2021-06-18T15:20:18Z,6.0,43.0
1549,Antonina Lakeland,2021-08-24T04:50:51Z,3.0,21.0
1550,Ellene Lamperd,2021-04-24T10:10:48Z,3.0,31.0
1551,Lind Landrick,2021-04-05T22:11:47Z,7.0,85.0
1552,Quintus Lawden,2021-04-25T22:30:37Z,5.0,131.0
1553,Bobette Lawlan,2022-02-02T23:14:26Z,9.0,68.0
1554,Eziechiele Lawton,2021-03-04T11:31:49Z,6.0,15.0
1555,Annabella Le Floch,2022-01-07T05:21:00Z,3.0,79.0
1556,Giff Leaning,2021-08-29T06:02:42Z,7.0,9.0
1557,Kamila Leate,2021-05-04T10:13:08Z,8.0,34.0
1558,Avivah Leber,2021-07-21T15:53:26Z,6.0,68.0
1559,Woodman Leeds,2022-01-05T10:20:17Z,12.0,61.0
1560,Zena Lees,2021-11-06T07:15:24Z,2.0,50.0
1561,Saxon Lehmann,2021-10-28T18:29:31Z,3.0,
1562,Letisha Leicester,2021-08-31T16:37:15Z,6.0,64.0
1563,Sharona Leipelt,2021-08-25T02:46:44Z,7.0,152.0
1564,Pietro Lemmertz,2021-05-01T17:41:48Z,11.0,30.0
1565,Karen Leversha,2021-07-27T20:45:40Z,5.0,60.0
1566,Ingrim Libreros,2021-12-08T11:57:56Z,9.0,57.0
1567,Annabelle Liddel,2021-11-29T20:23:23Z,8.0,46.0
1568,Jody Liffey,2021-04-14T13:41:44Z,3.0,47.0
1569,Newton Liggins,2021-08-12T07:28:19Z,6.0,45.0
1570,Cati Limpenny,2021-02-05T10:51:00Z,2.0,72.0
1571,Saraann Lindenberg,2021-11-28T02:28:40Z,10.0,73.0
1572,Bethena Lindenstrauss,2021-04-23T09:48:13Z,9.0,65.0
1573,Hynda Lippiello,2021-08-29T01:59:39Z,6.0,74.0
1574,Laura Liversedge,2021-10-04T16:28:21Z,8.0,19.0
1575,Edgard Lopez,2021-05-29T10:26:15Z,6.0,15.0
1576,Noak Lording,2021-11-18T00:52:33Z,7.0,84.0
1577,Kenneth Lorey,2022-01-05T10:19:42Z,10.0,63.0
1578,Garfield Loton,2022-01-14T05:54:04Z,7.0,49.0
1579,Deane Lovemore,2021-03-31T04:27:17Z,7.0,38.0
1580,Eugenio Low,2021-04-05T19:25:24Z,8.0,71.0
1581,Gris Loxton,2022-01-07T06:42:22Z,10.0,73.0
1582,Adams Luisetti,2021-08-10T11:06:19Z,3.0,109.0
1583,Chrotoem Lunam,2021-11-04T09:51:55Z,8.0,55.0
1584,Renado Lyne,2021-04-23T15:58:47Z,7.0,50.0
1585,Sonja MacAllen,2021-07-01T04:36:39Z,12.0,52.0
1586,Roanne MacColl,2021-07-25T01:23:13Z,2.0,12.0
1587,Deina MacFaell,2021-06-30T11:28:53Z,5.0,40.0
1588,Gabriell MacGebenay,2021-10-18T12:14:36Z,12.0,77.0
1589,Emmeline MacGrath,2021-12-12T04:57:39Z,11.0,
1590,Niven Mackrell,2021-05-17T07:18:48Z,,85.0
1591,Antonia MacLice,2021-12-27T01:34:52Z,2.0,59.0
1592,Anni MacMakin,2021-04-20T12:17:27Z,9.0,71.0
1593,Ruthi MacTavish,2021-09-11T16:28:28Z,5.0,28.0
1594,Vinny Magovern,2021-03-18T22:07:38Z,9.0,93.0
1595,Charita Magrane,2021-10-12T22:01:00Z,5.0,20.0
1596,Noble Magson,2021-06-04T01:46:24Z,4.0,127.0
1597,Rahal Malitrott,2021-03-17T11:36:22Z,9.0,32.0
1598,Hope Malkinson,2021-03-10T23:26:15Z,4.0,25.0
1599,Chrystal Maloney,2021-12-12T14:46:11Z,6.0,49.0
1600,Niels Malt,2021-05-03T08:55:24Z,5.0,93.0
1601,Vincents Marciek,2021-09-08T17:09:48Z,6.0,83.0
1602,Gamaliel Markie,2021-08-29T14:31:30Z,9.0,124.0
1603,Zulema Markus,2021-07-29T04:57:18Z,8.0,37.0
1604,Trace Marshal,2021-11-19T08:02:23Z,4.0,39.0
1605,Matteo Martensen,2021-07-12T23:31:13Z,5.0,114.0
1606,Mitzi Martinetto,2021-08-21T09:29:56Z,8.0,49.0
1607,Inglis Masding,2021-08-25T10:07:55Z,3.0,93.0
1608,Rita Massimo,2021-06-19T12:52:29Z,4.0,72.0
1609,Doyle Matei,2021-10-09T23:59:20Z,10.0,97.0
1610,Andreas Mathis,2021-12-01T00:02:41Z,5.0,38.0
1611,Hill Matterdace,2021-08-25T22:24:12Z,7.0,22.0
1612,Jazmin Mattiato,2021-08-07T05:23:59Z,4.0,52.0
1613,Sigrid Matysik,2022-02-15T21:20:01Z,,143.0
1614,Shawn Maun,2021-12-13T17:34:03Z,3.0,78.0
1615,Jillana Mayze,2021-06-12T05:50:40Z,6.0,82.0
1616,Emlen McAless,2021-09-02T02:03:36Z,4.0,45.0
1617,Valenka McCaghan,2021-12-26T16:39:06Z,3.0,47.0
1618,Hasheem McCahill,2021-10-13T13:06:05Z,10.0,75.0
1619,Karlene McCallister,2021-07-04T21:23:44Z,5.0,60.0
1620,Cilka McCory,2021-08-15T02:44:41Z,10.0,96.0
1621,Sheri McCoveney,2021-05-08T05:22:33Z,3.0,121.0
1622,Dodie McCrae,2021-03-14T09:53:53Z,3.0,72.0
1623,Hubert McCraw,2022-01-04T17:42:48Z,6.0,33.0
1624,Stearne McCudden,2021-11-10T05:00:20Z,2.0,41.0
1625,Toddy McFee,2021-04-28T00:16:29Z,2.0,68.0
1626,Maribeth McGiffie,2021-04-06T18:16:06Z,1.0,150.0
1627,Deanne McHarry,2021-11-19T09:36:41Z,3.0,106.0
1628,Adan McMurray,2021-12-19T13:16:46Z,9.0,81.0
1629,Goldia McNirlan,2021-11-07T06:24:02Z,10.0,88.0
1630,Adler McPhillips,2021-07-18T04:20:02Z,9.0,71.0
1631,Yettie McRobert,2021-11-12T14:12:30Z,10.0,98.0
1632,Loree Mendez,2022-02-16T08:39:30Z,5.0,35.0
1633,Charline Meran,2021-09-19T15:49:14Z,5.0,80.0
1634,Duff Mertel,2021-12-10T01:40:03Z,5.0,149.0
1635,Winne Mewton,2021-06-03T02:26:49Z,9.0,47.0
1636,Adair Middle,2021-12-18T18:21:44Z,5.0,102.0
1637,Serena Milburne,2021-06-08T19:19:29Z,2.0,117.0
1638,Revkah Miles,2021-04-11T08:45:42Z,5.0,103.0
1639,Candis Millam,2021-02-04T08:09:56Z,4.0,49.0
1640,Auguste Minards,2021-04-09T17:40:07Z,7.0,59.0
1641,Muffin Monahan,2021-08-26T17:59:42Z,5.0,133.0
1642,Ronda Montel,2022-02-18T11:53:32Z,6.0,15.0
1643,Andi Morcomb,2021-10-30T16:13:54Z,6.0,96.0
1644,Bjorn Morican,2021-07-26T23:50:08Z,6.0,81.0
1645,Hedvige Morter,2021-02-05T01:19:11Z,5.0,100.0
1646,Shelagh Mossman,2021-09-27T15:35:59Z,5.0,31.0
1647,Flori Mowatt,2022-01-27T19:23:12Z,9.0,140.0
1648,August Mower,2021-05-08T12:36:31Z,4.0,29.0
1649,Karina Mowett,2021-05-12T13:10:15Z,9.0,108.0
1650,Callida Mulcock,2021-09-08T15:11:04Z,6.0,50.0
1651,Shirlee Muldrew,2021-09-27T11:14:02Z,1.0,36.0
1652,Corabel Muncie,2021-11-17T14:28:16Z,7.0,92.0
1653,Catlee Mundie,2021-10-08T22:28:59Z,11.0,34.0
1654,Gloria Muzzini,2021-06-19T03:05:48Z,9.0,67.0
1655,Juliette Myrick,2021-11-29T13:22:57Z,8.0,94.0
1656,Fayina Nalder,2021-07-15T22:42:57Z,3.0,35.0
1657,Gawen Narraway,2021-10-06T13:28:02Z,2.0,18.0
1658,Valeria Nasi,2021-07-30T11:00:26Z,12.0,55.0
1659,Tailor Natte,2021-12-29T00:43:35Z,8.0,92.0
1660,Beaufort Navarre,2021-09-01T01:18:37Z,2.0,78.0
1661,Winnie Nayer,2021-02-16T19:23:07Z,8.0,108.0
1662,Ingunna Neads,2022-02-04T17:23:50Z,3.0,54.0
1663,Catha Neeson,2021-11-04T12:54:19Z,3.0,76.0
1664,Meara Neggrini,2021-08-10T11:12:53Z,7.0,65.0
1665,Noah Neno,2021-08-31T16:10:47Z,4.0,68.0
1666,Rad Nickols,2021-04-06T02:41:00Z,6.0,40.0
1667,Jinny Nissle,2021-10-08T18:12:40Z,10.0,158.0
1668,Larry Nobes,2021-09-16T01:10:45Z,6.0,174.0
1669,Shannan Nolleau,2021-02-23T18:13:10Z,8.0,57.0
1670,Cordelia Nolton,2021-12-27T06:46:11Z,10.0,73.0
1671,Ernaline Norcutt,2021-12-09T07:06:19Z,5.0,148.0
1672,Windham Northcote,2021-05-09T01:14:51Z,5.0,55.0
1673,Cosette Norwich,2022-01-15T02:19:34Z,5.0,45.0
1674,Marita Norwood,2021-06-20T17:40:30Z,7.0,84.0
1675,Roxanna Novis,2021-10-13T12:19:36Z,2.0,175.0
1676,My Nucciotti,2021-12-30T10:24:40Z,11.0,48.0
1677,Karel Nutty,2021-04-21T07:40:11Z,8.0,48.0
1678,Rhonda O'Boyle,2021-12-16T01:57:07Z,5.0,82.0
1679,Aguste O'Cridigan,2021-05-24T20:06:57Z,5.0,122.0
1680,Werner O'Farrell,2021-04-24T12:53:43Z,5.0,90.0
1681,Janek O'Garmen,2021-08-07T11:01:52Z,8.0,62.0
1682,Noemi O'Hingerty,2022-01-28T13:25:09Z,11.0,57.0
1683,Fidel O'Keefe,2021-08-28T21:27:34Z,6.0,49.0
1684,D'arcy O'Kinneally,2021-07-01T14:02:42Z,7.0,3.0
1685,Bruno O'Leahy,2022-01-16T19:23:39Z,7.0,19.0
1686,Bessy Oakeby,,4.0,53.0
1687,Evaleen Obin,2021-12-08T10:40:18Z,12.0,96.0
1688,,2022-01-20T19:51:12Z,11.0,100.0
1689,Jacquelin Ofen,2021-04-05T13:47:36Z,10.0,42.0
1690,Sarene Ogdahl,2021-10-29T15:50:09Z,8.0,105.0
1691,Benedetto Olczyk,2021-12-12T15:14:57Z,8.0,48.0
1692,Algernon Oldall,2021-04-20T16:57:46Z,7.0,86.0
1693,Rebeca Oldred,2022-02-05T05:38:16Z,6.0,73.0
1694,Fergus Oleszcuk,2021-05-21T01:38:27Z,7.0,62.0
1695,Gillan Ollivierre,2021-04-19T06:09:16Z,4.0,104.0
1696,Evered Oluwatoyin,2021-05-09T13:06:04Z,4.0,56.0
1697,Sumner Omand,2021-03-17T01:09:33Z,7.0,53.0
1698,Daloris Oneal,2021-05-12T16:08:02Z,3.0,57.0
1699,Nettle Opdenorth,2021-06-17T21:44:49Z,10.0,16.0
1700,Amos Orbell,2021-08-16T10:13:06Z,8.0,38.0
1701,Clarie Ordemann,2021-08-31T16:56:37Z,6.0,25.0
1702,Ettore Orgel,2021-05-21T01:13:45Z,7.0,113.0
1703,Ahmed Orrum,2022-01-01T01:11:48Z,7.0,55.0
1704,Linell Ort,2022-02-03T14:58:21Z,5.0,66.0
1705,Bonita Ortiga,2021-10-09T06:43:41Z,8.0,100.0
1706,Valentina Oslar,2021-11-06T18:12:29Z,4.0,118.0
1707,Berty Osmar,2021-07-17T11:39:45Z,5.0,21.0
1708,Charles Ostridge,2021-08-04T20:40:38Z,5.0,73.0
1709,Nev Ough,2021-02-22T15:37:40Z,3.0,78.0
1710,Augusto Oulett,2021-07-28T04:08:09Z,3.0,83.0
1711,Andra Owbrick,2021-07-14T11:32:38Z,8.0,67.0
1712,Cathrin Paffitt,2021-05-20T07:20:04Z,10.0,154.0
1713,Isa Pagelsen,2021-07-23T15:23:37Z,5.0,51.0
1714,Mala Pales,2021-05-04T04:52:48Z,,70.0
1715,Isobel Pallaske,2021-12-21T03:04:31Z,7.0,85.0
1716,Evered Palmer,2021-07-04T11:45:42Z,7.0,72.0
1717,Marcelo Parramore,2021-04-03T22:41:04Z,8.0,62.0
1718,Berty Parren,2021-10-25T16:46:28Z,8.0,78.0
1719,Delmer Pash,2021-09-15T05:06:53Z,3.0,70.0
1720,Shaine Pauel,2021-03-10T08:59:47Z,3.0,137.0
1721,Marge Paulisch,2021-07-17T20:48:43Z,1.0,109.0
1722,Cherilynn Paull,2021-10-21T09:58:04Z,3.0,82.0
1723,Alexandrina Pavlenko,2022-01-27T17:35:44Z,2.0,74.0
1724,Bliss Pedrozzi,2021-07-19T01:26:16Z,10.0,80.0
1725,Tomas Peele,2021-08-14T00:19:33Z,7.0,106.0
1726,Leigh Penhallurick,2021-07-24T16:19:53Z,4.0,149.0
1727,Raynor Peniello,2021-10-12T13:21:06Z,7.0,68.0
1728,Kelwin Pennings,2021-07-29T22:03:28Z,2.0,46.0
1729,Milty Pennings,2021-06-09T11:44:08Z,4.0,88.0
1730,Rodolphe Peschka,2021-06-18T08:04:32Z,4.0,9.0
1731,Maynord Pester,2022-01-19T13:42:28Z,4.0,175.0
1732,Cyrille Pettipher,2022-02-11T05:14:27Z,9.0,65.0
1733,Parsifal Pevreal,2021-02-19T11:37:58Z,5.0,148.0
1734,Rock Pezey,2021-12-30T11:42:43Z,2.0,61.0
1735,Chrissie Philbin,2021-06-30T17:27:15Z,10.0,64.0
1736,Chalmers Phillipp,2021-05-29T22:18:33Z,2.0,62.0
1737,Kissiah Phizakarley,2021-05-19T05:03:28Z,6.0,19.0
1738,Ettore Piccard,2021-11-30T14:24:17Z,1.0,54.0
1739,Rafael Pickering,2021-02-02T16:34:47Z,7.0,58.0
1740,Jonie Pieterick,2021-09-21T20:10:08Z,5.0,91.0
1741,Malachi Pietroni,2022-01-13T08:58:21Z,11.0,57.0
1742,Wadsworth Pigeon,2021-09-09T07:15:17Z,9.0,113.0
1743,Georg Pigney,2021-10-31T16:51:12Z,4.0,25.0
1744,Jilli Pilcher,2022-02-10T11:47:45Z,8.0,51.0
1745,Mickie Piletic,2021-05-06T21:16:22Z,5.0,69.0
1746,Lorette Pinson,2021-08-02T16:46:36Z,6.0,69.0
1747,Lettie Pires,2021-03-15T12:22:30Z,7.0,67.0
1748,Indira Pirozzi,2021-10-28T03:07:10Z,1.0,131.0
1749,Roseanne Pitkeathley,2022-02-14T00:13:48Z,12.0,103.0
1750,Alidia Playden,2021-12-23T12:38:00Z,11.0,11.0
1751,Zarah Plott,2022-01-30T04:03:58Z,6.0,37.0
1752,Dennet Plumridge,2021-10-08T03:28:08Z,11.0,49.0
1753,Victoria Pontain,2021-02-07T16:29:45Z,2.0,23.0
1754,Aldis Pottes,2021-09-07T22:00:56Z,2.0,96.0
1755,Cass Poynser,2021-05-25T17:39:37Z,2.0,69.0
1756,Rickie Prati,2021-09-10T02:16:45Z,6.0,95.0
1757,Patrizio Presswell,2021-07-08T20:56:14Z,4.0,91.0
1758,Dyanne Prestney,2021-06-11T00:56:42Z,4.0,65.0
1759,Stern Prichard,2021-05-14T13:25:51Z,6.0,120.0
1760,Giuditta Prince,2021-07-20T03:00:34Z,9.0,96.0
1761,Adi Priscott,2021-05-23T19:21:04Z,11.0,130.0
1762,Frank Prop,2021-09-26T15:46:49Z,7.0,59.0
1763,Rozella Purvess,2021-07-27T21:55:10Z,7.0,79.0
1764,Nancee Pybus,2021-07-29T04:51:22Z,3.0,119.0
1765,Rosemary Pyson,2021-02-23T04:36:02Z,4.0,79.0
1766,Constantina Queste,2021-05-31T05:31:53Z,8.0,82.0
1767,Heinrik Rae,2022-01-01T04:57:08Z,4.0,76.0
1768,Moises Rainy,2021-07-02T05:17:36Z,10.0,76.0
1769,Alena Raison,2021-02-08T01:15:16Z,4.0,22.0
1770,Ally Rakes,2021-09-11T02:00:56Z,12.0,73.0
1771,Theo Ralston,2021-06-14T11:21:57Z,2.0,34.0
1772,Loralyn Ramsden,2021-02-20T18:13:06Z,12.0,73.0
1773,Eloisa Rannald,2021-11-16T02:34:50Z,5.0,112.0
1774,Agata Raspison,2022-01-16T17:56:33Z,8.0,129.0
1775,Clarice Ravenscroftt,2021-07-10T10:31:57Z,3.0,27.0
1776,Cele Rayne,2022-01-22T02:19:51Z,4.0,61.0
1777,Milo Reach,2021-05-15T07:32:38Z,6.0,66.0
1778,Ross Reardon,2021-11-29T15:13:22Z,5.0,30.0
1779,Darwin Reaveley,2021-03-07T15:25:52Z,10.0,22.0
1780,Annabelle Reilly,,6.0,46.0
1781,Junina Rembaud,2022-02-17T00:01:13Z,6.0,22.0
1782,Risa Revance,2022-01-01T21:41:23Z,8.0,91.0
1783,Herve Ribeiro,2021-05-13T14:01:00Z,8.0,90.0
1784,Selby Ribeiro,2021-12-23T02:20:02Z,6.0,89.0
1785,Torey Richardin,2021-05-31T15:18:58Z,1.0,59.0
1786,Virgie Rickert,2021-11-16T18:03:24Z,5.0,72.0
1787,Flossi Rillett,2021-02-03T03:35:09Z,6.0,139.0
1788,Christie Rilston,2021-06-24T20:52:53Z,8.0,154.0
1789,Jennine Rilton,2021-04-22T20:43:42Z,6.0,25.0
1790,Emmie Rippingale,2022-02-18T18:02:41Z,3.0,119.0
1791,Theda Rittelmeyer,2021-08-25T20:47:09Z,6.0,59.0
1792,Hetty Robilliard,2022-01-21T11:08:04Z,2.0,34.0
1793,Shanna Robion,2021-05-31T09:02:52Z,9.0,73.0
1794,Loise Romei,2021-05-10T05:56:39Z,3.0,115.0
1795,Bonny Ropking,2021-06-20T14:36:13Z,8.0,65.0
1796,Roxane Roswarn,2021-03-31T02:28:56Z,8.0,129.0
1797,Rudie Rouchy,2021-10-01T06:16:46Z,4.0,73.0
1798,Bridie Rowan,2021-07-24T13:15:28Z,3.0,36.0
1799,,2021-03-10T07:35:09Z,8.0,111.0
1800,Karylin Rubinivitz,2021-08-12T18:49:22Z,6.0,66.0
1801,Ursala Rubinsohn,2021-08-09T12:04:53Z,7.0,81.0
1802,Kelley Rudolfer,2021-05-17T22:42:27Z,9.0,86.0
1803,Vivyanne Ruit,2021-10-05T13:00:27Z,10.0,60.0
1804,Gracia Ruit,2021-09-18T23:55:01Z,4.0,64.0
1805,Rudie Rusted,2022-01-12T11:59:08Z,4.0,65.0
1806,Barth Rutter,2021-05-10T22:10:37Z,7.0,38.0
1807,Emmet Rycroft,2021-07-02T23:16:42Z,8.0,155.0
1808,Electra Sabbins,2021-11-08T10:37:37Z,7.0,46.0
1809,Krishnah Sacher,2022-02-13T04:03:01Z,2.0,76.0
1810,Lia Saenz,2022-02-01T01:51:26Z,9.0,38.0
1811,Georgeanna Saggs,2021-09-21T16:23:23Z,3.0,82.0
1812,Izzy Saintpierre,2021-12-05T06:48:48Z,3.0,123.0
1813,Betty Sambiedge,2021-03-04T17:54:57Z,8.0,132.0
1814,Theodore Sammut,,6.0,86.0
1815,Lucian Samter,2022-01-29T01:13:55Z,7.0,106.0
1816,Caralie Sapseed,2021-08-25T16:20:38Z,8.0,116.0
1817,Virge Sarver,2022-01-21T12:23:15Z,3.0,93.0
1818,Yancy Savaage,2021-03-08T16:17:01Z,4.0,55.0
1819,Winnah Savage,2022-01-11T22:50:26Z,6.0,60.0
1820,Myrna Sawden,2021-04-20T21:32:34Z,6.0,105.0
1821,Lindsay Sayre,2021-08-10T08:04:48Z,2.0,35.0
1822,Ericha Schapero,2021-07-12T05:53:34Z,5.0,61.0
1823,Barr Schindler,2021-11-23T12:25:15Z,5.0,77.0
1824,Kaitlynn Schleswig-Holstein,2021-04-18T15:11:19Z,5.0,107.0
1825,Daisi Schwartz,2021-06-18T01:07:26Z,6.0,82.0
1826,Holly Scoffins,2021-05-05T21:10:33Z,10.0,32.0
1827,Opalina Scopyn,2021-12-24T00:11:19Z,10.0,68.0
1828,Rickey Scotsbrook,2021-06-01T01:35:52Z,1.0,125.0
1829,Cory Scragg,2021-11-15T09:24:55Z,3.0,113.0
1830,Charla Scroxton,2021-11-23T17:02:47Z,5.0,143.0
1831,Christabella Searby,2021-10-22T16:30:46Z,2.0,21.0
1832,Letta Search,2021-10-29T02:35:02Z,9.0,40.0
1833,Essa Seddon,2022-02-12T16:37:52Z,5.0,57.0
1834,Kurtis Semarke,2021-08-26T07:52:05Z,7.0,154.0
1835,Coleman Semble,2021-09-15T03:08:03Z,4.0,52.0
1836,Jorgan Semechik,2022-02-17T20:01:00Z,8.0,100.0
1837,Wilton Serridge,2021-08-05T03:41:35Z,9.0,22.0
1838,Sheeree Seston,2022-01-23T19:30:31Z,5.0,12.0
1839,Camille Seymour,2022-02-02T23:11:47Z,6.0,9.0
1840,Haily Shackelton,2021-06-02T23:40:43Z,6.0,65.0
1841,Burlie Shakespeare,2021-12-16T15:07:37Z,7.0,55.0
1842,Lelah Shaughnessy,2021-09-14T01:55:50Z,6.0,52.0
1843,Julio Sheavills,2021-12-26T12:06:57Z,6.0,156.0
1844,Agnesse Sheber,2021-04-15T14:17:58Z,5.0,18.0
1845,Knox Sherbrooke,2021-07-07T13:25:43Z,10.0,133.0
1846,Rouvin Sherrett,2021-05-07T18:31:10Z,11.0,32.0
1847,Myrtia Shervington,2021-12-01T22:21:26Z,3.0,150.0
1848,Randolph Shorbrook,2021-10-09T10:12:36Z,7.0,52.0
1849,Melina Shotter,2021-05-13T12:00:46Z,11.0,34.0
1850,Chryste Sibylla,2021-05-28T06:27:59Z,7.0,172.0
1851,Karna Sigward,2021-07-02T22:00:33Z,3.0,146.0
1852,Titus Sikorski,2021-04-19T05:42:07Z,10.0,102.0
1853,Meryl Sillick,2021-05-25T23:05:12Z,2.0,145.0
1854,Normie Simcock,2021-12-24T00:47:20Z,5.0,65.0
1855,Hanna Simek,2021-11-14T17:36:26Z,5.0,53.0
1856,Quinta Simonds,2021-05-06T08:05:22Z,2.0,71.0
1857,Joyann Simonnin,2022-02-02T00:53:43Z,12.0,110.0
1858,,2021-06-28T03:01:01Z,6.0,144.0
1859,Saree Skaif,2021-08-26T09:56:13Z,11.0,80.0
1860,Marin Slipper,2022-02-08T10:39:02Z,4.0,
1861,Ferdinanda Slocomb,2021-09-08T19:08:49Z,5.0,70.0
1862,Yoko Sloegrave,2021-06-05T01:00:09Z,1.0,87.0
1863,Rafferty Smalls,2021-05-16T04:14:22Z,4.0,104.0
1864,Alane Smither,2021-12-30T17:18:24Z,6.0,115.0
1865,Sebastian Smithin,2021-04-24T16:53:18Z,8.0,55.0
1866,Nessie Snepp,2021-06-30T07:29:57Z,6.0,47.0
1867,Betsey Sockell,2021-03-23T13:05:34Z,10.0,71.0
1868,Josefina Sofe,2021-06-24T16:10:06Z,10.0,49.0
1869,Cesaro Solomon,,6.0,66.0
1870,Baldwin Sommerlin,2021-12-26T08:05:10Z,3.0,81.0
1871,Toiboid Southon,2021-10-09T12:07:38Z,4.0,43.0
1872,Hedwig Sowrah,2021-02-25T06:29:29Z,3.0,78.0
1873,Aldous Spadelli,2021-11-11T15:57:19Z,10.0,151.0
1874,Lorettalorna Spellessy,2021-12-21T05:42:31Z,2.0,51.0
1875,Florencia Spence,2021-04-28T22:46:05Z,4.0,154.0
1876,Ignacio Spence,2021-04-02T03:56:39Z,1.0,136.0
1877,Tadio Spere,2021-06-05T14:51:06Z,5.0,92.0
1878,Billie Spikeings,2022-02-08T03:31:23Z,7.0,24.0
1879,Waylin Sponer,2021-07-19T10:35:56Z,10.0,157.0
1880,Lotti Spyer,2021-08-26T03:04:00Z,7.0,159.0
1881,Frederich Sreenan,2022-02-05T17:16:15Z,5.0,92.0
1882,Carleen Stafford,2021-05-04T05:57:27Z,12.0,119.0
1883,Batholomew Stammirs,2021-07-27T20:19:52Z,5.0,109.0
1884,Joey Stebbing,2021-11-30T04:47:29Z,10.0,64.0
1885,Lorne Stennes,2022-01-02T07:46:09Z,8.0,105.0
1886,Judy Sterzaker,2021-08-19T06:57:40Z,4.0,100.0
1887,Trudey Stickells,2021-03-26T18:34:03Z,4.0,58.0
1888,Willetta Stirtle,2021-07-26T05:22:04Z,5.0,141.0
1889,Sibylla Stittle,2021-10-10T03:10:42Z,4.0,53.0
1890,Carlina Stivani,2022-02-02T07:34:10Z,11.0,85.0
1891,Brandy Stoad,2021-06-03T22:18:40Z,8.0,129.0
1892,Thedrick Stock,2021-11-10T00:17:04Z,10.0,44.0
1893,Nertie Stoddard,2021-08-20T05:36:10Z,5.0,53.0
1894,Catina Stops,2021-12-05T15:55:10Z,6.0,91.0
1895,Adela Storms,2021-05-08T05:41:35Z,4.0,60.0
1896,Mata Streatfeild,2021-03-08T05:52:27Z,7.0,72.0
1897,Pasquale Stroton,2021-11-21T04:49:33Z,12.0,121.0
1898,Amye Stroulger,2021-02-19T17:55:13Z,7.0,57.0
1899,Helen-elizabeth Suckling,2021-09-19T23:55:34Z,9.0,133.0
1900,Darb Summersett,2021-07-02T15:03:10Z,3.0,36.0
1901,Hyacinthie Sushams,2021-06-02T04:54:47Z,10.0,73.0
1902,Diandra Swainsbury,2021-06-07T19:10:49Z,7.0,37.0
1903,Carolyn Sweed,2022-01-30T20:01:50Z,5.0,147.0
1904,Roi Swigger,2021-03-20T03:39:18Z,9.0,56.0
1905,Lib Swinden,2021-11-04T12:40:34Z,8.0,34.0
1906,Currie Syder,2022-01-14T06:07:24Z,2.0,58.0
1907,Maurizio Symons,2021-03-22T23:25:55Z,2.0,37.0
1908,Roxy Syne,2021-12-06T20:53:55Z,7.0,58.0
1909,Zebedee Szymanzyk,2021-12-30T20:25:03Z,10.0,59.0
1910,Bar Taggert,2021-12-03T14:58:09Z,10.0,75.0
1911,Darill Tant,2022-02-18T23:51:51Z,9.0,124.0
1912,Ottilie Tapply,2021-04-19T02:35:41Z,6.0,157.0
1913,Moll Tasch,2021-08-16T22:46:13Z,12.0,86.0
1914,Freeman Telezhkin,2021-02-04T09:53:52Z,4.0,105.0
1915,Hyatt Tellenbrok,2022-01-11T13:51:35Z,6.0,151.0
1916,Nanon Temblett,2021-10-06T18:49:57Z,6.0,45.0
1917,Gaby Terne,2021-11-27T18:01:33Z,8.0,56.0
1918,Brooke Thornbarrow,2021-03-18T23:30:58Z,2.0,121.0
1919,Bobbie Threadgould,2022-01-09T21:33:32Z,11.0,118.0
1920,Herculie Thrush,2022-02-03T13:41:48Z,6.0,86.0
1921,Dion Tilburn,2021-09-14T08:25:13Z,11.0,28.0
1922,Vincents Tillot,2021-05-24T16:01:27Z,1.0,85.0
1923,Gill Tomasek,2021-04-21T02:49:22Z,4.0,52.0
1924,Brunhilde Toogood,2021-11-05T12:57:16Z,3.0,57.0
1925,Cary Tothe,,3.0,104.0
1926,Kath Tott,2021-11-20T12:48:00Z,3.0,44.0
1927,Lamond Trevarthen,2021-08-14T04:24:42Z,3.0,67.0
1928,Leroi Trump,2021-07-19T05:22:51Z,8.0,60.0
1929,Antonin Truter,2021-06-02T12:21:45Z,2.0,69.0
1930,Jorrie Trytsman,2021-04-02T22:45:06Z,1.0,93.0
1931,Wilhelmine Tully,2021-07-30T06:05:42Z,4.0,138.0
1932,Celeste Tures,2021-02-07T22:14:01Z,4.0,55.0
1933,Albrecht Tweedy,2021-07-30T02:42:19Z,8.0,57.0
1934,Spence Twinbourne,2021-10-04T19:42:20Z,3.0,105.0
1935,Noelle Tythacott,2022-02-10T06:03:40Z,12.0,116.0
1936,Nelly Tzarkov,2021-10-03T19:08:31Z,7.0,34.0
1937,Rikki Uccelli,2021-03-26T20:41:40Z,9.0,58.0
1938,Gillie Ulyatt,2021-08-28T23:00:16Z,12.0,14.0
1939,Keeley Ungaretti,2021-06-09T23:54:57Z,11.0,113.0
1940,Klara Valeri,2022-02-20T21:35:29Z,8.0,65.0
1941,Jennee Van der Merwe,2021-12-03T21:34:36Z,7.0,114.0
1942,Joaquin Vanyashin,2021-11-29T11:54:05Z,4.0,44.0
1943,Samson Vasishchev,2021-03-07T18:20:04Z,11.0,93.0
1944,Rhonda Vasnetsov,2021-05-04T21:22:06Z,6.0,31.0
1945,Lavinie Vearncomb,2021-05-11T14:47:22Z,1.0,47.0
1946,Ellsworth Veasey,2021-05-23T06:27:20Z,11.0,64.0
1947,Paton Veazey,2021-07-30T09:44:21Z,11.0,153.0
1948,Alexandre Vedyasov,2021-02-20T20:57:48Z,1.0,131.0
1949,Guinevere Vedyasov,2021-03-04T12:07:57Z,7.0,29.0
1950,Devy Verny,2021-11-04T22:27:36Z,5.0,58.0
1951,Beaufort Verny,2022-01-01T13:12:27Z,7.0,110.0
1952,Krisha Vero,2022-01-01T23:48:50Z,6.0,58.0
1953,Garwood Verralls,2022-02-07T23:05:05Z,10.0,76.0
1954,Vevay Vice,2022-01-04T20:14:24Z,10.0,8.0
1955,Shena Vinall,2021-08-16T21:25:08Z,12.0,52.0
1956,Brena Vogelein,2022-01-06T03:39:27Z,6.0,59.0
1957,Jud Vogt,2021-04-27T11:28:21Z,9.0,50.0
1958,Esdras Voysey,2022-01-30T12:36:20Z,7.0,95.0
1959,Marylinda Wakeman,2022-01-04T23:18:04Z,12.0,62.0
1960,Daphene Walkey,2021-09-13T14:37:43Z,7.0,56.0
1961,Lionello Walthall,2022-02-12T05:19:44Z,7.0,88.0
1962,Guinna Walworche,2022-02-07T04:04:34Z,6.0,74.0
1963,Stevie Wapol,2021-11-27T15:01:22Z,10.0,86.0
1964,Baldwin Warlowe,2021-11-05T04:46:59Z,5.0,44.0
1965,Lita Watkiss,2021-04-10T00:47:56Z,3.0,62.0
1966,Gertrud Weaben,2022-02-02T10:24:52Z,1.0,119.0
1967,Jessee Welbeck,2021-10-17T17:04:58Z,7.0,41.0
1968,Gunar Wheatcroft,2021-06-13T12:10:28Z,2.0,67.0
1969,Dulcea Whinray,2021-10-23T15:12:49Z,2.0,61.0
1970,Eadith Whitington,2021-08-08T06:06:40Z,8.0,101.0
1971,Katherina Whitton,2021-12-17T17:49:37Z,8.0,26.0
1972,Bridgette Wickey,2021-09-12T18:31:04Z,1.0,51.0
1973,Stanleigh Willans,2022-02-12T05:06:22Z,5.0,131.0
1974,Hewet Willarton,2021-06-17T20:27:34Z,5.0,128.0
1975,Gina Wilton,2021-11-15T16:17:51Z,9.0,40.0
1976,Gerrard Windmill,2021-03-10T08:19:27Z,6.0,74.0
1977,Tremain Withnall,2021-03-16T01:52:49Z,8.0,72.0
1978,Harwilll Wogden,2021-08-23T11:30:08Z,2.0,117.0
1979,Marney Wolfart,2021-12-13T02:36:36Z,8.0,44.0
1980,Crystal Wollen,2022-01-27T11:51:29Z,9.0,81.0
1981,Hadlee Woodard,2021-04-29T00:00:37Z,7.0,105.0
1982,Kermy Woofinden,2021-06-23T20:56:05Z,9.0,91.0
1983,Felicia Wooldridge,2021-08-09T04:54:47Z,9.0,80.0
1984,Violette Woollin,2021-08-03T10:11:53Z,4.0,55.0
1985,Erena Wornum,2022-01-07T13:13:18Z,2.0,97.0
1986,Starla Wreiford,2021-04-24T14:10:15Z,4.0,148.0
1987,Shaina Wyldish,2021-12-13T10:05:09Z,,102.0
1988,Danya Wyre,2021-10-12T03:46:10Z,8.0,36.0
1989,Sherrie Yakovliv,2021-10-12T01:14:30Z,8.0,74.0
1990,Claudian Yandell,2022-01-24T14:38:23Z,5.0,63.0
1991,Alissa Yanukhin,2022-01-13T12:54:26Z,7.0,99.0
1992,Tad Yatman,2021-11-15T06:08:43Z,3.0,68.0
1993,Maggy Yaus,2021-04-11T12:51:33Z,7.0,80.0
1994,Hedi Yeowell,2022-01-07T06:21:37Z,5.0,18.0
1995,Goran Yong,2021-08-22T21:57:53Z,2.0,83.0
1996,Cirstoforo Youings,2021-04-01T17:48:42Z,3.0,23.0
1997,Wilek Yurkevich,2021-05-04T12:19:50Z,2.0,132.0
1998,Jerry Yven,2021-10-03T14:12:50Z,7.0,100.0
1999,Jerri Zebedee,2022-01-18T10:47:37Z,8.0,80.0
